Immunohistochemical	O
staining	O
was	O
positive	O
for	O
S	B
-	I
100	I
in	O
all	O
9	O
cases	O
stained	O
,	O
positive	O
for	O
HMB	B
-	I
45	I
in	O
9	O
(	O
90	O
%	O
)	O
of	O
10	O
,	O
and	O
negative	O
for	O
cytokeratin	B
in	O
all	O
9	O
cases	O
in	O
which	O
myxoid	O
melanoma	O
remained	O
in	O
the	O
block	O
after	O
previous	O
sections	O
.	O

Chloramphenicol	B
acetyltransferase	I
assays	O
examining	O
the	O
ability	O
of	O
IE86	B
to	O
repress	O
activity	O
from	O
the	O
HCMV	O
major	O
IE	B
promoter	I
or	O
activate	O
the	O
HCMV	B
early	I
promoter	I
for	O
the	O
2	O
.	O
2	O
-	O
kb	O
class	O
of	O
RNAs	O
demonstrated	O
the	O
functional	O
integrity	O
of	O
the	O
IE86	B
protein	I
.	O

A	O
new	O
DNA	B
repair	I
gene	I
from	O
Schizosaccharomyces	O
pombe	O
with	O
homology	O
to	O
RecA	B
was	O
identified	O
and	O
characterized	O
.	O

Our	O
study	O
also	O
demonstrated	O
significant	O
increases	O
in	O
the	O
number	O
of	O
larger	O
myelinated	O
fibers	O
crossing	O
the	O
repair	O
site	O
in	O
comparison	O
with	O
the	O
neonatal	O
and	O
adult	O
groups	O
(	O
p	O
<	O
0	O
.	O
04	O
)	O
.	O

Cloning	O
and	O
sequencing	O
of	O
the	O
upstream	O
region	O
of	O
pepX	B
revealed	O
the	O
presence	O
of	O
two	O
ORFs	O
of	O
360	O
and	O
1	O
,	O
338	O
bp	O
that	O
were	O
shown	O
to	O
be	O
able	O
to	O
encode	O
proteins	O
with	O
high	O
homology	O
to	O
GlnR	B
and	O
GlnA	B
proteins	I
,	O
respectively	O
.	O

Both	O
mutant	O
receptors	O
were	O
expressed	O
on	O
the	O
cell	O
surface	O
and	O
bound	O
insulin	B
normally	O
,	O
but	O
showed	O
markedly	O
impaired	O
autophosphorylation	O
in	O
response	O
to	O
insulin	B
.	O

Furthermore	O
,	O
analysis	O
of	O
the	O
E2	B
proteins	I
present	O
in	O
various	O
cell	O
lines	O
harboring	O
specific	O
BPV	O
-	O
1	O
mutants	O
,	O
including	O
the	O
2558	O
acceptor	O
mutant	O
,	O
proves	O
that	O
alternate	O
modes	O
of	O
E2	B
expression	O
exist	O
.	O

Molecular	O
modelling	O
suggested	O
that	O
the	O
tetramerization	O
domain	O
was	O
a	O
four	O
-	O
helix	O
bundle	O
,	O
stabilized	O
by	O
interactions	O
of	O
seven	O
conserved	O
aromatic	O
amino	O
acids	O
.	O

Hematology	O
problem	O
of	O
the	O
month	O
:	O
band	O
or	O
seg	O
?	O

PKA	B
phosphorylated	O
WT1	B
at	O
Ser	O
-	O
365	O
and	O
Ser	O
-	O
393	O
in	O
vitro	O
,	O
as	O
well	O
as	O
at	O
additional	O
sites	O
,	O
and	O
this	O
phosphorylation	O
abolished	O
the	O
DNA	O
-	O
binding	O
activity	O
of	O
WT1	B
in	O
vitro	O
.	O

ROCK	B
-	I
I	I
,	O
Kinectin	B
,	O
and	O
mDia2	B
can	O
bind	O
the	O
wild	O
type	O
forms	O
of	O
both	O
RhoA	B
and	O
Cdc42	B
in	O
a	O
GTP	O
-	O
dependent	O
manner	O
in	O
vitro	O
.	O

These	O
results	O
support	O
the	O
hypothesis	O
that	O
in	O
the	O
presence	O
of	O
tryptophan	O
the	O
ribosome	O
translating	O
tnaC	B
blocks	O
Rho	B
'	O
s	O
access	O
to	O
the	O
boxA	B
and	O
rut	B
sites	I
,	O
thereby	O
preventing	O
transcription	O
termination	O
.	O

Suppressors	O
of	O
defective	O
silencing	O
in	O
yeast	O
:	O
effects	O
on	O
transcriptional	O
repression	O
at	O
the	O
HMR	B
locus	I
,	O
cell	O
growth	O
and	O
telomere	O
structure	O
.	O

The	O
pJR	O
vectors	O
differ	O
among	O
them	O
in	O
:	O
(	O
a	O
)	O
the	O
selectable	O
marker	O
(	O
Saccharomyces	O
cerevisiae	O
LEU	B
2	I
gene	I
,	O
which	O
complements	O
S	B
.	I
pombe	I
leu1	I
-	I
gene	I
and	O
S	O
.	O
pombe	O
ura4	B
+	I
and	O
his3	B
+	I
genes	I
)	O
;	O
(	O
b	O
)	O
the	O
thiamine	O
-	O
repressible	O
nmt1	B
promoter	I
(	O
3X	O
,	O
41X	O
and	O
81X	O
with	O
extremely	O
high	O
,	O
moderate	O
or	O
low	O
transcription	O
efficiency	O
,	O
respectively	O
)	O
;	O
and	O
(	O
c	O
)	O
the	O
multiple	O
cloning	O
site	O
(	O
two	O
multiple	O
cloning	O
sites	O
,	O
with	O
12	O
restriction	O
sites	O
each	O
)	O
.	O

The	O
transcription	O
of	O
most	O
RP	B
genes	I
is	O
activated	O
by	O
two	O
Rap1p	B
binding	I
sites	I
,	O
250	O
to	O
400	O
bp	O
upstream	O
from	O
the	O
initiation	O
of	O
transcription	O
.	O

Cardiac	O
markers	O
troponin	B
T	I
,	O
CK	B
-	O
MB	B
mass	O
and	O
myoglobin	B
were	O
helpful	O
in	O
the	O
differential	O
diagnosis	O
of	O
chest	O
pain	O
,	O
even	O
when	O
the	O
ECG	O
was	O
unremarkable	O
or	O
nonspecific	O
.	O

Finally	O
,	O
in	O
situ	O
RNA	O
hybridization	O
studies	O
revealed	O
a	O
very	O
specific	O
pattern	O
of	O
EphA8	B
gene	I
expression	O
restricted	O
to	O
the	O
rostral	O
region	O
of	O
midbrain	O
tectum	O
during	O
embryonic	O
development	O
.	O

None	O
were	O
restricted	O
from	O
clinical	O
duties	O
,	O
were	O
given	O
varicella	B
-	I
zoster	I
immune	I
globulin	I
,	O
or	O
developed	O
disease	O
.	O

Positional	O
cloning	O
has	O
already	O
produced	O
the	O
sequences	O
of	O
more	O
than	O
70	O
human	O
genes	O
associated	O
with	O
specific	O
diseases	O
.	O

In	O
this	O
paper	O
,	O
we	O
demonstrate	O
that	O
binding	O
of	O
the	O
GA	B
-	I
binding	I
protein	I
(	O
GABP	B
)	O
to	O
ets	B
sequence	I
motifs	I
within	O
each	O
repeated	O
unit	O
is	O
required	O
for	O
transcriptional	O
activation	O
of	O
the	O
COXIV	B
promoter	I
.	O

These	O
activities	O
are	O
all	O
required	O
for	O
stimulation	O
of	O
cell	O
growth	O
by	O
middle	B
-	I
T	I
and	O
activate	O
members	O
of	O
the	O
MAP	B
kinase	I
family	I
.	O

HPLC	O
phosphopeptide	O
mapping	O
,	O
amino	O
acid	O
sequencing	O
,	O
and	O
site	O
-	O
directed	O
mutagenesis	O
determined	O
that	O
NCLK	B
phosphorylates	O
Ser	O
(	O
67	O
)	O
of	O
I	B
-	I
1	I
.	O

A	O
chaotropic	O
detergent	O
,	O
0	O
.	O
1	O
%	O
Nonidet	O
P	O
-	O
40	O
,	O
also	O
abolished	O
the	O
interaction	O
,	O
further	O
supporting	O
the	O
hydrophobic	O
nature	O
of	O
the	O
interaction	O
.	O

Genomic	O
and	O
cDNA	O
clones	O
homologous	O
to	O
the	O
yeast	O
GCN2	B
eIF	B
-	I
2alpha	I
kinase	O
(	O
yGCN2	O
)	O
were	O
isolated	O
from	O
Drosophila	O
melanogaster	O
.	O

Overexpression	O
of	O
RORgamma	B
has	O
been	O
shown	O
to	O
inhibit	O
T	B
cell	I
receptor	I
-	O
mediated	O
apoptosis	O
in	O
T	O
cell	O
hybridomas	O
and	O
to	O
repress	O
the	O
induction	O
of	O
Fas	B
-	I
ligand	I
and	O
interleukin	B
2	I
.	O

The	O
final	O
sigma54	B
-	I
dependent	I
DmpR	I
activator	I
regulates	O
transcription	O
of	O
the	O
dmp	B
operon	I
that	O
encodes	O
the	O
enzymes	O
for	O
catabolism	O
of	O
(	O
methyl	O
)	O
phenols	O
.	O

When	O
tethered	O
to	O
a	O
heterologous	O
DNA	O
-	O
binding	O
domain	O
,	O
PSU1	B
can	O
activate	O
transcription	O
on	O
its	O
own	O
.	O

The	O
sorption	O
mechanisms	O
changed	O
from	O
adsorption	O
to	O
partition	O
in	O
the	O
process	O
of	O
repetitious	O
sorption	O
.	O

Tyrosine	O
112	O
of	O
latent	B
membrane	I
protein	I
2A	I
is	O
essential	O
for	O
protein	B
tyrosine	I
kinase	I
loading	O
and	O
regulation	O
of	O
Epstein	O
-	O
Barr	O
virus	O
latency	O
.	O

Prognosis	O
of	O
asymptomatic	O
multiple	O
myeloma	O
.	O

In	O
contrast	O
to	O
behavioral	O
deviation	O
(	O
the	O
avoidance	O
conditioning	O
lost	O
)	O
,	O
the	O
haloperidol	O
intrastriatal	O
microinjections	O
did	O
not	O
affect	O
the	O
DA	O
synaptic	O
level	O
in	O
rostral	O
neostriatum	O
.	O

From	O
250	O
g	O
of	O
cells	O
,	O
we	O
isolated	O
1	O
mg	O
of	O
PDH	B
complex	I
with	O
a	O
specific	O
activity	O
of	O
12	O
.	O
6	O
U	O
/	O
mg	O
of	O
protein	O
.	O

Deletion	O
of	O
the	O
proximal	O
octanucleotide	O
motif	O
from	O
the	O
plasmid	O
containing	O
the	O
-	O
461	O
fragment	O
of	O
the	O
LPL	B
promoter	I
,	O
resulted	O
in	O
a	O
79	O
and	O
76	O
%	O
decrease	O
in	O
the	O
level	O
of	O
expression	O
in	O
transfected	O
3T3	O
-	O
L1	O
adipocytes	O
and	O
HepG2	O
hepatocytes	O
,	O
respectively	O
.	O

The	O
fragments	O
of	O
each	O
region	O
were	O
amplified	O
by	O
polymerase	O
chain	O
reaction	O
and	O
analyzed	O
by	O
gel	O
electrophoresis	O
to	O
